{"warning": 0.04487247931881269, "critical": 0.12205620557872209}